Station;date;time (gmt);lat;long;water depth (m);depth (m);temp (C);sal;fluor;trans;dens;PAR;BATH
1;30.10.2014;9,49;50.54.248;001.23.296;6,4;0,25;11,8518;27,9455;0,0607;0,7672;1021,1443;3501;19,27
1;30.10.2014;9,49;50.54.248;001.23.296;6,4;0,5;11,8654;27,8897;0,0644;1,6673;1021,0998;1158,4;16,42
1;30.10.2014;9,49;50.54.248;001.23.296;6,4;0,75;11,9709;28,9148;0,0705;1,8466;1021,8765;718,01;15,97
1;30.10.2014;9,49;50.54.248;001.23.296;6,4;1;12,1656;31,0134;0,0741;1,6191;1023,4688;552,04;16,48
1;30.10.2014;9,49;50.54.248;001.23.296;6,4;1,25;12,1207;30,4839;0,0717;1,5931;1023,0678;413,08;16,56
1;30.10.2014;9,49;50.54.248;001.23.296;6,4;1,5;12,1253;30,5652;0,0707;1,5453;1023,1311;295,31;16,68
1;30.10.2014;9,49;50.54.248;001.23.296;6,4;1,75;12,1264;30,5326;0,0708;1,5321;1023,1067;220,1;16,71
1;30.10.2014;9,49;50.54.248;001.23.296;6,4;2;12,1304;30,6153;0,069;1,5189;1023,1711;155,57;16,75
1;30.10.2014;9,49;50.54.248;001.23.296;6,4;2,25;12,1371;30,6577;0,0684;1,5051;1023,204;117,29;16,79
1;30.10.2014;9,49;50.54.248;001.23.296;6,4;2,5;12,168;31,1829;0,0684;1,4847;1023,6065;89,29;16,84
1;30.10.2014;9,49;50.54.248;001.23.296;6,4;2,75;12,2188;31,5399;0,0684;1,46;1023,8749;66,07;16,91
1;30.10.2014;9,49;50.54.248;001.23.296;6,4;3;12,2453;31,6129;0,068;1,4167;1023,9277;48,81;17,03
1;30.10.2014;9,49;50.54.248;001.23.296;6,4;3,25;12,2501;31,6624;0,0684;1,3231;1023,9663;37,39;17,3
1;30.10.2014;9,49;50.54.248;001.23.296;6,4;3,5;12,2571;31,71;0,0692;1,239;1024,003;28,19;17,56
1;30.10.2014;9,49;50.54.248;001.23.296;6,4;3,75;12,2595;31,7044;0,0694;1,1441;1023,9994;20,53;17,88
1;30.10.2014;9,49;50.54.248;001.23.296;6,4;4;12,2611;31,7141;0,0696;1,0972;1024,0077;14,83;18,05
1;30.10.2014;9,49;50.54.248;001.23.296;6,4;4,25;12,2626;31,7276;0,0693;1,0649;1024,019;10,54;18,17
1;30.10.2014;9,49;50.54.248;001.23.296;6,4;4,5;12,263;31,7295;0,0686;1,0511;1024,0215;8,08;18,22
1;30.10.2014;9,49;50.54.248;001.23.296;6,4;4,75;12,2663;31,8282;0,0693;1,0464;1024,0986;5,78;18,24
1;30.10.2014;9,49;50.54.248;001.23.296;6,4;5;12,27;31,9036;0,0704;1,0183;1024,1574;4,21;18,35
1;30.10.2014;9,49;50.54.248;001.23.296;6,4;5,25;12,2736;31,9506;0,0711;0,9845;1024,1943;3,03;18,48
1;30.10.2014;9,49;50.54.248;001.23.296;6,4;5,5;12,2746;31,9633;0,0736;1,0308;1024,2051;1,88;18,31
2;30.10.2014;10:01;50.53.957;001.23.106;6;0,25;12,156;30,6747;0,0652;0,7627;1023,2046;564,55;20,0319
2;30.10.2014;10:01;50.53.957;001.23.106;6;0,5;12,1932;30,6963;0,073;1,1455;1023,2157;269,07;17,9637
2;30.10.2014;10:01;50.53.957;001.23.106;6;0,75;12,2405;30,8642;0,0697;1,3038;1023,3382;167,62;17,3567
2;30.10.2014;10:01;50.53.957;001.23.106;6;1;12,2603;31,2341;0,0717;1,2635;1023,6222;134,14;17,4849
2;30.10.2014;10:01;50.53.957;001.23.106;6;1,25;12,2606;31,2385;0,0723;1,1566;1023,6267;103,57;17,8419
2;30.10.2014;10:01;50.53.957;001.23.106;6;1,5;12,2634;31,2556;0,073;1,0785;1023,6405;80,63;18,1197
2;30.10.2014;10:01;50.53.957;001.23.106;6;1,75;12,2674;31,2687;0,0713;1,0477;1023,6512;61,72;18,2344
2;30.10.2014;10:01;50.53.957;001.23.106;6;2;12,2655;31,275;0,0715;1,034;1023,6575;46;18,2871
2;30.10.2014;10:01;50.53.957;001.23.106;6;2,25;12,2578;31,3098;0,0717;1,0278;1023,687;34,18;18,3109
2;30.10.2014;10:01;50.53.957;001.23.106;6;2,5;12,2544;31,4485;0,0695;1,0144;1023,7963;26,03;18,3637
2;30.10.2014;10:01;50.53.957;001.23.106;6;2,75;12,2543;31,491;0,0692;1,0066;1023,8304;20,23;18,3947
2;30.10.2014;10:01;50.53.957;001.23.106;6;3;12,2542;31,5108;0,0694;1,0011;1023,847;15,16;18,4162
2;30.10.2014;10:01;50.53.957;001.23.106;6;3,25;12,2548;31,5381;0,0707;0,9332;1023,869;11,42;18,697
2;30.10.2014;10:01;50.53.957;001.23.106;6;3,5;12,2567;31,5741;0,0696;0,9103;1023,8978;8,67;18,7961
2;30.10.2014;10:01;50.53.957;001.23.106;6;3,75;12,2599;31,622;0,07;0,8651;1023,9354;6,74;19,0014
2;30.10.2014;10:01;50.53.957;001.23.106;6;4;12,2657;31,6912;0,0705;0,8159;1023,9891;5,02;19,2354
2;30.10.2014;10:01;50.53.957;001.23.106;6;4,25;12,2702;31,7432;0,0707;0,7714;1024,0297;3,62;19,4602
2;30.10.2014;10:01;50.53.957;001.23.106;6;4,5;12,2747;31,8075;0,071;0,7212;1024,0798;2,54;19,7295
2;30.10.2014;10:01;50.53.957;001.23.106;6;4,75;12,2797;31,8612;0,0723;0,6762;1024,1216;1,88;19,985
2;30.10.2014;10:01;50.53.957;001.23.106;6;5;12,2828;31,9219;0,0717;0,6443;1024,1692;1,24;20,18
2;30.10.2014;10:01;50.53.957;001.23.106;6;5,25;12,286;31,9759;0,0731;0,6047;1024,2116;0,79;20,4328
2;30.10.2014;10:01;50.53.957;001.23.106;6;5,5;12,2873;31,9823;0,0742;0,5631;1024,2175;0,49;20,7197
2;30.10.2014;10:01;50.53.957;001.23.106;6;5,75;12,2876;31,9824;0,0752;0,5377;1024,2186;0,31;20,9028
2;30.10.2014;10:01;50.53.957;001.23.106;6;6;12,2869;31,978;0,0758;0,5651;1024,2164;0,14;20,7131
2;30.10.2014;10:01;50.53.957;001.23.106;6;6,25;12,287;31,9921;0,0834;0,5536;1024,2285;-0,08;20,7992
3;30.10.2014;11:18;50.52.909;001.23.44;12,7;0,25;12,2813;31,3577;0,0609;1,8956;1023,7108;2183,1;15,8635
3;30.10.2014;11:18;50.52.909;001.23.44;12,7;0,5;12,2729;31,3553;0,0614;1,9442;1023,7116;940,24;15,7612
3;30.10.2014;11:18;50.52.909;001.23.44;12,7;0,75;12,2809;31,3337;0,0627;1,9187;1023,6945;1063,6;15,8139
3;30.10.2014;11:18;50.52.909;001.23.44;12,7;1;12,2761;31,3418;0,0628;1,9152;1023,7028;688,5;15,8214
3;30.10.2014;11:18;50.52.909;001.23.44;12,7;1,25;12,2739;31,3437;0,0634;1,9187;1023,7058;582,02;15,814
3;30.10.2014;11:18;50.52.909;001.23.44;12,7;1,5;12,2749;31,3429;0,0651;1,9296;1023,7062;489,31;15,7913
3;30.10.2014;11:18;50.52.909;001.23.44;12,7;1,75;12,2692;31,35;0,0666;1,9353;1023,7138;412,02;15,7796
3;30.10.2014;11:18;50.52.909;001.23.44;12,7;2;12,2633;31,3587;0,0684;1,9333;1023,7228;327,25;15,7837
3;30.10.2014;11:18;50.52.909;001.23.44;12,7;2,25;12,2551;31,3758;0,0681;1,9363;1023,7387;258,19;15,7775
3;30.10.2014;11:18;50.52.909;001.23.44;12,7;2,5;12,2444;31,3964;0,0683;1,935;1023,7578;207,93;15,7801
3;30.10.2014;11:18;50.52.909;001.23.44;12,7;2,75;12,2364;31,4215;0,0683;1,9422;1023,7799;168,8;15,7655
3;30.10.2014;11:18;50.52.909;001.23.44;12,7;3;12,227;31,4573;0,0684;1,9643;1023,8105;137,96;15,7203
3;30.10.2014;11:18;50.52.909;001.23.44;12,7;3,25;12,2186;31,48;0,067;1,9691;1023,8309;108,17;15,7105
3;30.10.2014;11:18;50.52.909;001.23.44;12,7;3,5;12,2147;31,4965;0,0667;1,9685;1023,8454;90,91;15,7115
3;30.10.2014;11:18;50.52.909;001.23.44;12,7;3,75;12,2026;31,5599;0,0662;1,9888;1023,898;74,95;15,6706
3;30.10.2014;11:18;50.52.909;001.23.44;12,7;4;12,1886;31,6026;0,067;2,0033;1023,9348;62,04;15,6415
3;30.10.2014;11:18;50.52.909;001.23.44;12,7;4,25;12,189;31,6578;0,0657;2,0097;1023,9787;51,07;15,6286
3;30.10.2014;11:18;50.52.909;001.23.44;12,7;4,5;12,1956;31,692;0,0645;1,9876;1024,0051;42,75;15,6734
3;30.10.2014;11:18;50.52.909;001.23.44;12,7;4,75;12,1987;31,7308;0,0647;1,9304;1024,0357;36,28;15,79
3;30.10.2014;11:18;50.52.909;001.23.44;12,7;5;12,2022;31,8099;0,0648;1,9036;1024,0975;30,75;15,8458
3;30.10.2014;11:18;50.52.909;001.23.44;12,7;5,25;12,2062;31,8674;0,065;1,8763;1024,1424;25,37;15,9037
3;30.10.2014;11:18;50.52.909;001.23.44;12,7;5,5;12,2105;31,95;0,0645;1,8066;1024,2068;20,33;16,055
3;30.10.2014;11:18;50.52.909;001.23.44;12,7;5,75;12,2187;32,0073;0,064;1,736;1024,2508;16,9;16,2145
3;30.10.2014;11:18;50.52.909;001.23.44;12,7;6;12,226;32,045;0,0641;1,6681;1024,2798;14,08;16,3743
3;30.10.2014;11:18;50.52.909;001.23.44;12,7;6,25;12,2313;32,0818;0,0646;1,5402;1024,3086;11,39;16,6925
3;30.10.2014;11:18;50.52.909;001.23.44;12,7;6,5;12,2374;32,1324;0,0652;1,449;1024,3476;8,83;16,9355
3;30.10.2014;11:18;50.52.909;001.23.44;12,7;6,75;12,2484;32,2344;0,0659;1,3591;1024,4258;7;17,1925
3;30.10.2014;11:18;50.52.909;001.23.44;12,7;7;12,2593;32,3103;0,0675;1,3177;1024,4837;5,5;17,3165
3;30.10.2014;11:18;50.52.909;001.23.44;12,7;7,25;12,2659;32,3576;0,0676;1,2327;1024,5203;4,36;17,5855
3;30.10.2014;11:18;50.52.909;001.23.44;12,7;7,5;12,2694;32,3675;0,0682;1,1258;1024,5285;3,28;17,9511
3;30.10.2014;11:18;50.52.909;001.23.44;12,7;7,75;12,2716;32,3727;0,072;1,0363;1024,5332;2,43;18,2778
3;30.10.2014;11:18;50.52.909;001.23.44;12,7;8;12,2729;32,3885;0,0719;0,9825;1024,5463;1,84;18,4915
3;30.10.2014;11:18;50.52.909;001.23.44;12,7;8,25;12,2744;32,4002;0,0718;0,9715;1024,5562;1,3;18,5366
3;30.10.2014;11:18;50.52.909;001.23.44;12,7;8,5;12,2771;32,4524;0,0733;0,9339;1024,5974;0,89;18,6933
3;30.10.2014;11:18;50.52.909;001.23.44;12,7;8,75;12,2819;32,4788;0,0736;0,9159;1024,618;0,6;18,772
3;30.10.2014;11:18;50.52.909;001.23.44;12,7;9;12,2848;32,4889;0,0743;0,8873;1024,6264;0,41;18,8989
3;30.10.2014;11:18;50.52.909;001.23.44;12,7;9,25;12,2852;32,4815;0,0742;0,862;1024,6218;0,25;19,0152
3;30.10.2014;11:18;50.52.909;001.23.44;12,7;9,5;12,2851;32,4761;0,0744;0,846;1024,6187;0,14;19,0896
3;30.10.2014;11:18;50.52.909;001.23.44;12,7;9,75;12,2858;32,4907;0,0744;0,8389;1024,631;0,06;19,1233
3;30.10.2014;11:18;50.52.909;001.23.44;12,7;10;12,288;32,5014;0,0753;0,8148;1024,64;0,01;19,2402
3;30.10.2014;11:18;50.52.909;001.23.44;12,7;10,25;12,2891;32,5034;0,0755;0,8018;1024,6425;0;19,3045
3;30.10.2014;11:18;50.52.909;001.23.44;12,7;10,5;12,2894;32,5;0,0751;0,7848;1024,6409;0;19,3898
3;30.10.2014;11:18;50.52.909;001.23.44;12,7;10,75;12,2895;32,5041;0,0765;0,779;1024,6452;0;19,4194
3;30.10.2014;11:18;50.52.909;001.23.44;12,7;11;12,29;32,5084;0,0763;0,7636;1024,6496;0;19,4995
3;30.10.2014;11:18;50.52.909;001.23.44;12,7;11,25;12,2907;32,5114;0,0768;0,7473;1024,6529;0;19,5858
3;30.10.2014;11:18;50.52.909;001.23.44;12,7;11,5;12,2915;32,5182;0,0775;0,7374;1024,6591;0;19,6393
3;30.10.2014;11:18;50.52.909;001.23.44;12,7;11,75;12,2935;32,5215;0,0763;0,7274;1024,6624;0;19,6937
3;30.10.2014;11:18;50.52.909;001.23.44;12,7;12;12,2898;32,4974;0,0753;0,9304;1024,6456;0;18,7242
4;30.10.2014;11:45;50.52.221;001.22.282;8,4;0,25;12,347;30,8026;0,0589;1,2333;1023,2683;1462,1;1,84E+01
4;30.10.2014;11:45;50.52.221;001.22.282;8,4;0,5;12,3534;30,8059;0,0557;2,0957;1023,2709;831,18;1,57E+01
4;30.10.2014;11:45;50.52.221;001.22.282;8,4;0,75;12,3517;30,9199;0,0567;2,3003;1023,3607;642,67;1,51E+01
4;30.10.2014;11:45;50.52.221;001.22.282;8,4;1;12,3583;30,9186;0,0578;2,3067;1023,3596;517,54;1,51E+01
4;30.10.2014;11:45;50.52.221;001.22.282;8,4;1,25;12,3715;30,8184;0,059;2,3184;1023,2805;407,84;1,51E+01
4;30.10.2014;11:45;50.52.221;001.22.282;8,4;1,5;12,3665;30,7268;0,0587;2,3179;1023,2117;298,92;1,51E+01
4;30.10.2014;11:45;50.52.221;001.22.282;8,4;1,75;12,3615;30,7405;0,0588;2,3234;1023,2243;263,51;1,50E+01
4;30.10.2014;11:45;50.52.221;001.22.282;8,4;2;12,3713;30,7005;0,059;2,3211;1023,1926;229,11;1,51E+01
4;30.10.2014;11:45;50.52.221;001.22.282;8,4;2,25;12,3589;30,765;0,0588;2,3181;1023,2461;192,42;1,51E+01
4;30.10.2014;11:45;50.52.221;001.22.282;8,4;2,5;12,3395;30,8198;0,0597;2,3175;1023,2932;166,57;1,51E+01
4;30.10.2014;11:45;50.52.221;001.22.282;8,4;2,75;12,3062;30,9539;0,0608;2,2994;1023,4045;144,89;1,51E+01
4;30.10.2014;11:45;50.52.221;001.22.282;8,4;3;12,2901;31,1303;0,0619;2,2672;1023,5453;124,97;1,51E+01
4;30.10.2014;11:45;50.52.221;001.22.282;8,4;3,25;12,2042;31,7603;0,064;2,2542;1024,0508;110,61;1,52E+01
4;30.10.2014;11:45;50.52.221;001.22.282;8,4;3,5;12,174;31,9976;0,0671;2,1791;1024,2415;98,45;1,53E+01
4;30.10.2014;11:45;50.52.221;001.22.282;8,4;3,75;12,1734;32,0649;0,0674;2,0602;1024,295;82,42;1,55E+01
4;30.10.2014;11:45;50.52.221;001.22.282;8,4;4;12,1739;32,0865;0,0673;1,9048;1024,3128;68,02;1,58E+01
4;30.10.2014;11:45;50.52.221;001.22.282;8,4;4,25;12,1767;32,1129;0,0687;1,7433;1024,3338;53,02;1,62E+01
4;30.10.2014;11:45;50.52.221;001.22.282;8,4;4,5;12,1837;32,1335;0,0675;1,6246;1024,3496;40,5;1,65E+01
4;30.10.2014;11:45;50.52.221;001.22.282;8,4;4,75;12,1975;32,1757;0,0671;1,5562;1024,3809;31,75;1,67E+01
4;30.10.2014;11:45;50.52.221;001.22.282;8,4;5;12,1933;32,2004;0,0682;1,5147;1024,402;25,61;1,68E+01
4;30.10.2014;11:45;50.52.221;001.22.282;8,4;5,25;12,1867;32,2158;0,0683;1,4572;1024,4163;21,07;1,69E+01
4;30.10.2014;11:45;50.52.221;001.22.282;8,4;5,5;12,1855;32,2234;0,069;1,4098;1024,4236;17,5;1,70E+01
4;30.10.2014;11:45;50.52.221;001.22.282;8,4;5,75;12,1955;32,2627;0,0692;1,3967;1024,4533;14,38;1,71E+01
4;30.10.2014;11:45;50.52.221;001.22.282;8,4;6;12,2008;32,2651;0,0686;1,3721;1024,4552;10,86;1,72E+01
4;30.10.2014;11:45;50.52.221;001.22.282;8,4;6,25;12,2007;32,2751;0,0686;1,3432;1024,4641;7,83;1,72E+01
4;30.10.2014;11:45;50.52.221;001.22.282;8,4;6,5;12,1991;32,302;0,0696;1,2942;1024,4864;6,07;1,74E+01
4;30.10.2014;11:45;50.52.221;001.22.282;8,4;6,75;12,1999;32,3339;0,0706;1,2414;1024,5122;4,85;1,76E+01
4;30.10.2014;11:45;50.52.221;001.22.282;8,4;7;12,1935;32,3779;0,0714;1,2143;1024,5486;3,76;1,76E+01
4;30.10.2014;11:45;50.52.221;001.22.282;8,4;7,25;12,1885;32,4179;0,0715;1,185;1024,5817;2,82;1,77E+01
4;30.10.2014;11:45;50.52.221;001.22.282;8,4;7,5;12,1941;32,4622;0,07;1,1708;1024,6161;2,08;1,78E+01
4;30.10.2014;11:45;50.52.221;001.22.282;8,4;7,75;12,2113;32,4834;0,0719;1,3463;1024,6304;1,39;1,72E+01
5;30.10.2014;12:15;50.52.213;001.22.286;8,5;0,25;12,4156;30,9609;0,0571;1,2003;1023,3782;2654,1;18,3418
5;30.10.2014;12:15;50.52.213;001.22.286;8,5;0,5;12,4089;31,0273;0,0566;2,1712;1023,432;1464,8;15,4066
5;30.10.2014;12:15;50.52.213;001.22.286;8,5;0,75;12,4054;31,0342;0,0642;2,3212;1023,4392;955,6;15,0513
5;30.10.2014;12:15;50.52.213;001.22.286;8,5;1;12,3574;31,051;0,0598;2,2879;1023,4623;867,88;15,11
5;30.10.2014;12:15;50.52.213;001.22.286;8,5;1,25;12,3256;31,37;0,0624;2,2376;1023,7165;710,39;15,1989
5;30.10.2014;12:15;50.52.213;001.22.286;8,5;1,5;12,2845;31,6001;0,0641;2,0747;1023,9037;592,99;15,5043
5;30.10.2014;12:15;50.52.213;001.22.286;8,5;1,75;12,2543;31,7291;0,0657;1,9256;1024,0105;477,98;15,8046
5;30.10.2014;12:15;50.52.213;001.22.286;8,5;2;12,2209;31,918;0,0679;1,8092;1024,1643;370,4;16,0498
5;30.10.2014;12:15;50.52.213;001.22.286;8,5;2,25;12,1933;31,9828;0,0689;1,746;1024,2209;283,9;16,1916
5;30.10.2014;12:15;50.52.213;001.22.286;8,5;2,5;12,192;32,0741;0,0695;1,7479;1024,293;238,27;16,187
5;30.10.2014;12:15;50.52.213;001.22.286;8,5;2,75;12,2038;32,0854;0,0682;1,728;1024,3007;189,05;16,2327
5;30.10.2014;12:15;50.52.213;001.22.286;8,5;3;12,2126;32,1392;0,0675;1,6729;1024,3419;150,16;16,3627
5;30.10.2014;12:15;50.52.213;001.22.286;8,5;3,25;12,2145;32,1595;0,067;1,614;1024,3584;115,09;16,5061
5;30.10.2014;12:15;50.52.213;001.22.286;8,5;3,5;12,2037;32,2024;0,0673;1,585;1024,3948;91,4;16,5783
5;30.10.2014;12:15;50.52.213;001.22.286;8,5;3,75;12,1918;32,2138;0,0667;1,5559;1024,407;75,07;16,6524
5;30.10.2014;12:15;50.52.213;001.22.286;8,5;4;12,1909;32,2153;0,066;1,542;1024,4095;59,11;16,6883
5;30.10.2014;12:15;50.52.213;001.22.286;8,5;4,25;12,19;32,2139;0,0661;1,5343;1024,4097;46,67;16,7084
5;30.10.2014;12:15;50.52.213;001.22.286;8,5;4,5;12,1894;32,2147;0,0659;1,532;1024,4115;36,23;16,7144
5;30.10.2014;12:15;50.52.213;001.22.286;8,5;4,75;12,1938;32,2476;0,0659;1,518;1024,4373;29,03;16,7512
5;30.10.2014;12:15;50.52.213;001.22.286;8,5;5;12,2003;32,2896;0,0658;1,5124;1024,4698;22,52;16,7659
5;30.10.2014;12:15;50.52.213;001.22.286;8,5;5,25;12,201;32,308;0,0673;1,5093;1024,4851;17,39;16,774
5;30.10.2014;12:15;50.52.213;001.22.286;8,5;5,5;12,2013;32,3482;0,0671;1,469;1024,5173;13,9;16,8827
5;30.10.2014;12:15;50.52.213;001.22.286;8,5;5,75;12,2012;32,3965;0,067;1,3973;1024,556;11,15;17,0826
5;30.10.2014;12:15;50.52.213;001.22.286;8,5;6;12,2003;32,3937;0,0686;1,3545;1024,555;9;17,2066
5;30.10.2014;12:15;50.52.213;001.22.286;8,5;6,25;12,2008;32,4853;0,0685;1,3503;1024,6271;6,82;17,2195
5;30.10.2014;12:15;50.52.213;001.22.286;8,5;6,5;12,202;32,5052;0,0681;1,3423;1024,6435;5,08;17,2431
5;30.10.2014;12:15;50.52.213;001.22.286;8,5;6,75;12,2029;32,5035;0,0711;1,3354;1024,6431;3,81;17,264
5;30.10.2014;12:15;50.52.213;001.22.286;8,5;7;12,2032;32,5237;0,0695;1,3436;1024,6598;3;17,2393
5;30.10.2014;12:15;50.52.213;001.22.286;8,5;7,25;12,2041;32,5407;0,0682;1,342;1024,674;2,29;17,2442
5;30.10.2014;12:15;50.52.213;001.22.286;8,5;7,5;12,2046;32,552;0,0694;1,3494;1024,6838;1,79;17,2219
5;30.10.2014;12:15;50.52.213;001.22.286;8,5;7,75;12,2061;32,6034;0,0696;1,3376;1024,7245;1,33;17,2572
5;30.10.2014;12:15;50.52.213;001.22.286;8,5;8;12,2191;32,5976;0,0691;1,477;1024,7186;0,9;16,8534
6;30.10.2014;12:53;50.52.216;001.22.284;8,4;0,25;12,499;30,9967;0,048;0,7737;1023,3903;908,45;19,3993
6;30.10.2014;12:53;50.52.216;001.22.284;8,4;0,5;12,4978;31,1262;0,058;2,1682;1023,4919;529,84;15,2806
6;30.10.2014;12:53;50.52.216;001.22.284;8,4;0,75;12,4549;31,0828;0,0604;2,2823;1023,4675;424,81;15,1193
6;30.10.2014;12:53;50.52.216;001.22.284;8,4;1;12,3946;30,9926;0,0615;2,2923;1023,41;387,6;15,1024
6;30.10.2014;12:53;50.52.216;001.22.284;8,4;1,25;12,4091;30,9985;0,0618;2,2786;1023,413;322,45;15,1265
6;30.10.2014;12:53;50.52.216;001.22.284;8,4;1,5;12,3926;31,1269;0,0627;2,2733;1023,5167;257,3;15,1357
6;30.10.2014;12:53;50.52.216;001.22.284;8,4;1,75;12,3428;31,3959;0,0635;2,2714;1023,7356;199,52;15,1391
6;30.10.2014;12:53;50.52.216;001.22.284;8,4;2;12,3158;31,4638;0,0648;2,267;1023,7945;159,11;15,147
6;30.10.2014;12:53;50.52.216;001.22.284;8,4;2,25;12,2922;31,6537;0,0658;2,2295;1023,9472;130,66;15,2138
6;30.10.2014;12:53;50.52.216;001.22.284;8,4;2,5;12,2562;31,8455;0,067;2,1679;1024,1037;107,42;15,3259
6;30.10.2014;12:53;50.52.216;001.22.284;8,4;2,75;12,2394;31,9666;0,0669;2,1351;1024,2019;86,83;15,3867
6;30.10.2014;12:53;50.52.216;001.22.284;8,4;3;12,225;32,0891;0,067;2,0333;1024,3006;68,46;15,5826
6;30.10.2014;12:53;50.52.216;001.22.284;8,4;3,25;12,2151;32,1525;0,066;1,9204;1024,3528;57,07;15,8087
6;30.10.2014;12:53;50.52.216;001.22.284;8,4;3,5;12,2059;32,2473;0,0672;1,8032;1024,4292;47,64;16,0619
6;30.10.2014;12:53;50.52.216;001.22.284;8,4;3,75;12,2025;32,2848;0,0651;1,7206;1024,46;37,12;16,2506
6;30.10.2014;12:53;50.52.216;001.22.284;8,4;4;12,2035;32,2783;0,0649;1,6753;1024,456;29,31;16,3569
6;30.10.2014;12:53;50.52.216;001.22.284;8,4;4,25;12,2031;32,2879;0,065;1,6393;1024,4646;24,05;16,4437
6;30.10.2014;12:53;50.52.216;001.22.284;8,4;4,5;12,2029;32,3666;0,0657;1,6196;1024,5268;19,21;16,4918
6;30.10.2014;12:53;50.52.216;001.22.284;8,4;4,75;12,2019;32,401;0,066;1,5897;1024,5548;14,94;16,5666
6;30.10.2014;12:53;50.52.216;001.22.284;8,4;5;12,2034;32,4158;0,0656;1,5927;1024,5671;12,12;16,559
6;30.10.2014;12:53;50.52.216;001.22.284;8,4;5,25;12,2032;32,4256;0,0643;1,5905;1024,5759;9,72;16,5645
6;30.10.2014;12:53;50.52.216;001.22.284;8,4;5,5;12,204;32,4893;0,066;1,5598;1024,6263;7,61;16,6425
6;30.10.2014;12:53;50.52.216;001.22.284;8,4;5,75;12,2067;32,5036;0,0661;1,5702;1024,6379;6,03;16,6159
6;30.10.2014;12:53;50.52.216;001.22.284;8,4;6;12,2085;32,5106;0,0655;1,5732;1024,6442;4,82;16,6081
6;30.10.2014;12:53;50.52.216;001.22.284;8,4;6,25;12,2089;32,5316;0,0644;1,5545;1024,6615;3,79;16,6563
6;30.10.2014;12:53;50.52.216;001.22.284;8,4;6,5;12,2125;32,5689;0,0657;1,5324;1024,6909;3,05;16,7134
6;30.10.2014;12:53;50.52.216;001.22.284;8,4;6,75;12,2176;32,6431;0,066;1,5694;1024,7486;2,33;16,6184
6;30.10.2014;12:53;50.52.216;001.22.284;8,4;7;12,2195;32,6643;0,0659;1,581;1024,7658;1,83;16,5885
6;30.10.2014;12:53;50.52.216;001.22.284;8,4;7,25;12,2193;32,6727;0,0659;1,5092;1024,7734;1,47;16,774
6;30.10.2014;12:53;50.52.216;001.22.284;8,4;7,5;12,2188;32,6797;0,0668;1,4823;1024,7801;1,13;16,8466
6;30.10.2014;12:53;50.52.216;001.22.284;8,4;7,75;12,219;32,6823;0,0672;1,5007;1024,7833;0,84;16,797
6;30.10.2014;12:53;50.52.216;001.22.284;8,4;8;12,2237;32,6685;0,0692;1,5308;1024,7727;0,63;16,7176
7;30.10.2014;13:15;50 52.221;001 22.284;8,3;0,25;12,267;31,2284;0,0645;0,9142;1023,6132;911,88;20,185
7;30.10.2014;13:15;50 52.221;001 22.284;8,3;0,5;12,2874;31,2099;0,0652;1,8954;1023,5962;532,78;16,1108
7;30.10.2014;13:15;50 52.221;1 22.284;8,3;0,75;12,3174;31,1926;0,0676;2,2209;1023,5784;566,57;15,2237
7;30.10.2014;13:15;50 52.221;1 22.284;8,3;1;12,3205;31,1988;0,0673;2,1436;1023,5836;455,55;15,3708
7;30.10.2014;13:15;50 52.221;1 22.284;8,3;1,25;12,3205;31,1971;0,0673;2,1284;1023,5836;379,81;15,3992
7;30.10.2014;13:15;50 52.221;1 22.284;8,3;1,5;12,3208;31,1997;0,0671;2,1282;1023,5865;306,5;15,3998
7;30.10.2014;13:15;50 52.221;1 22.284;8,3;1,75;12,3212;31,2002;0,0683;2,1523;1023,588;261,51;15,3547
7;30.10.2014;13:15;50 52.221;1 22.284;8,3;2;12,3207;31,203;0,0685;2,1411;1023,5913;218,21;15,3753
7;30.10.2014;13:15;50 52.221;1 22.284;8,3;2,25;12,3066;31,276;0,0682;2,1318;1023,6517;175,71;15,3928
7;30.10.2014;13:15;50 52.221;1 22.284;8,3;2,5;12,2634;31,461;0,0717;2,1118;1023,8044;146,87;15,4306
7;30.10.2014;13:15;50 52.221;1 22.284;8,3;2,75;12,2206;32,1127;0,0704;2,0645;1024,3187;115,08;15,5213
7;30.10.2014;13:15;50 52.221;1 22.284;8,3;3;12,1988;32,334;0,0687;1,9396;1024,4956;101,26;15,771
7;30.10.2014;13:15;50 52.221;1 22.284;8,3;3,25;12,2003;32,4016;0,0683;1,8527;1024,5488;86,88;15,9542
7;30.10.2014;13:15;50 52.221;1 22.284;8,3;3,5;12,2004;32,4323;0,0658;1,7907;1024,5737;72,21;16,09
7;30.10.2014;13:15;50 52.221;1 22.284;8,3;3,75;12,2009;32,4679;0,0661;1,7378;1024,6023;56,06;16,2099
7;30.10.2014;13:15;50 52.221;1 22.284;8,3;4;12,2012;32,4749;0,0642;1,6642;1024,6088;43,16;16,3831
7;30.10.2014;13:15;50 52.221;1 22.284;8,3;4,25;12,201;32,4814;0,0646;1,6532;1024,6151;35,02;16,4097
7;30.10.2014;13:15;50 52.221;1 22.284;8,3;4,5;12,2012;32,492;0,065;1,6493;1024,6243;29,62;16,4191
7;30.10.2014;13:15;50 52.221;1 22.284;8,3;4,75;12,2004;32,5079;0,0644;1,6465;1024,638;23,46;16,4263
7;30.10.2014;13:15;50 52.221;1 22.284;8,3;5;12,1998;32,5029;0,0655;1,6131;1024,6353;18,11;16,508
7;30.10.2014;13:15;50 52.221;1 22.284;8,3;5,25;12,1996;32,503;0,0659;1,5902;1024,6366;13,93;16,5653
7;30.10.2014;13:15;50 52.221;1 22.284;8,3;5,5;12,1995;32,5058;0,0663;1,582;1024,6399;11,21;16,586
7;30.10.2014;13:15;50 52.221;1 22.284;8,3;5,75;12,1995;32,5119;0,0672;1,5925;1024,6457;9,28;16,5595
7;30.10.2014;13:15;50 52.221;1 22.284;8,3;6;12,2013;32,5813;0,0677;1,622;1024,7004;7,37;16,4859
7;30.10.2014;13:15;50 52.221;1 22.284;8,3;6,25;12,2091;32,6311;0,0677;1,5972;1024,7386;5,83;16,5478
7;30.10.2014;13:15;50 52.221;1 22.284;8,3;6,5;12,2168;32,6646;0,066;1,5865;1024,7643;4,76;16,5746
7;30.10.2014;13:15;50 52.221;1 22.284;8,3;6,75;12,2206;32,6737;0,0666;1,5783;1024,7718;3,85;16,5953
7;30.10.2014;13:15;50 52.221;1 22.284;8,3;7;12,2218;32,6759;0,0675;1,5678;1024,7744;3,05;16,622
7;30.10.2014;13:15;50 52.221;1 22.284;8,3;7,25;12,2225;32,6763;0,0687;1,5492;1024,7757;2,38;16,6699
7;30.10.2014;13:15;50 52.221;1 22.284;8,3;7,5;12,2226;32,6773;0,0683;1,5057;1024,7776;1,91;16,7839
7;30.10.2014;13:15;50 52.221;1 22.284;8,3;7,75;12,2228;32,6778;0,0685;1,4785;1024,7789;1,54;16,8566
7;30.10.2014;13:15;50 52.221;1 22.284;8,3;8;12,2227;32,6782;0,0686;1,4565;1024,7805;1,2;16,9162
7;30.10.2014;13:15;50 52.221;1 22.284;8,3;8,25;12,223;32,6785;0,0682;1,4379;1024,7818;0,9;16,9677
7;30.10.2014;13:15;50 52.221;1 22.284;8,3;8,5;12,2231;32,6632;0,069;1,6164;1024,771;0,71;16,4953
8;30.10.2014;13:52;50.52.219;001.22.281;8,1;0,25;12,2527;30,95;6,44E-02;0,4308;1023,4001;706,34;2,12E+01
8;30.10.2014;13:52;50.52.219;001.22.281;8,1;0,5;12,295;30,9222;6,59E-02;2,1615;1023,3719;332,99;1,53E+01
8;30.10.2014;13:52;50.52.219;001.22.281;8,1;0,75;12,327;30,9928;6,64E-02;2,1114;1023,4217;296,92;1,54E+01
8;30.10.2014;13:52;50.52.219;001.22.281;8,1;1;12,3323;31,0079;6,75E-02;2,11;1023,4335;223,9;1,54E+01
8;30.10.2014;13:52;50.52.219;001.22.281;8,1;1,25;12,3321;31,0207;6,73E-02;2,094;1023,4446;203,99;1,55E+01
8;30.10.2014;13:52;50.52.219;001.22.281;8,1;1,5;12,3298;31,0895;6,65E-02;2,0806;1023,4995;168,68;1,55E+01
8;30.10.2014;13:52;50.52.219;001.22.281;8,1;1,75;12,3211;31,1644;6,84E-02;2,0673;1023,5603;139,63;1,55E+01
8;30.10.2014;13:52;50.52.219;001.22.281;8,1;2;12,3136;31,2069;6,94E-02;2,0414;1023,5957;116,75;1,56E+01
8;30.10.2014;13:52;50.52.219;001.22.281;8,1;2,25;12,2972;31,267;0,0691;2,0123;1023,6466;101,53;15,6235
8;30.10.2014;13:52;50.52.219;001.22.281;8,1;2,5;12,2491;31,387;0,0706;1,9885;1023,7496;83,19;15,6712
8;30.10.2014;13:52;50.52.219;001.22.281;8,1;2,75;12,217;31,4759;0,0718;1,9961;1023,8257;67,88;15,6559
8;30.10.2014;13:52;50.52.219;001.22.281;8,1;3;12,217;31,5406;0,0704;1,9848;1023,8769;56,22;15,6788
8;30.10.2014;13:52;50.52.219;001.22.281;8,1;3,25;12,2191;31,6032;0,0683;1,9584;1023,9262;47,5;15,7323
8;30.10.2014;13:52;50.52.219;001.22.281;8,1;3,5;12,2171;31,6659;0,0684;1,9507;1023,9763;39,19;15,7478
8;30.10.2014;13:52;50.52.219;001.22.281;8,1;3,75;12,2183;31,8232;0,067;1,9754;1024,0992;32,43;15,6976
8;30.10.2014;13:52;50.52.219;001.22.281;8,1;4;12,2177;32,0721;0,0657;1,9971;1024,2933;26,3;15,654
8;30.10.2014;13:52;50.52.219;001.22.281;8,1;4,25;12,2061;32,2208;0,067;2,0039;1024,4121;22,26;15,6404
8;30.10.2014;13:52;50.52.219;001.22.281;8,1;4,5;12,2019;32,3577;0,0661;1,9892;1024,5201;18,67;15,6698
8;30.10.2014;13:52;50.52.219;001.22.281;8,1;4,75;12,2019;32,4438;0,0661;1,9533;1024,588;15,52;15,7426
8;30.10.2014;13:52;50.52.219;001.22.281;8,1;5;12,2035;32,4766;0,0658;1,8705;1024,6143;12,78;15,9163
8;30.10.2014;13:52;50.52.219;001.22.281;8,1;5,25;12,2034;32,4781;0,0659;1,8138;1024,6165;10,64;16,0392
8;30.10.2014;13:52;50.52.219;001.22.281;8,1;5,5;12,2027;32,4831;0,0659;1,7738;1024,6217;8,73;16,1283
8;30.10.2014;13:52;50.52.219;001.22.281;8,1;5,75;12,2029;32,4862;0,0658;1,7583;1024,6252;7,16;16,1633
8;30.10.2014;13:52;50.52.219;001.22.281;8,1;6;12,2043;32,5289;0,0645;1,729;1024,6591;5,75;16,2305
8;30.10.2014;13:52;50.52.219;001.22.281;8,1;6,25;12,2105;32,6549;0,0644;1,7272;1024,7569;4,6;16,2346
8;30.10.2014;13:52;50.52.219;001.22.281;8,1;6,5;12,2173;32,6546;0,0658;1,7025;1024,7565;3,85;16,2923
8;30.10.2014;13:52;50.52.219;001.22.281;8,1;6,75;12,2198;32,6582;0,0657;1,6926;1024,7599;3,03;16,3158
8;30.10.2014;13:52;50.52.219;001.22.281;8,1;7;12,2221;32,6713;0,066;1,6791;1024,7708;2,42;16,3478
8;30.10.2014;13:52;50.52.219;001.22.281;8,1;7,25;12,2225;32,6755;0,0653;1,6382;1024,775;1,94;16,4464
8;30.10.2014;13:52;50.52.219;001.22.281;8,1;7,5;12,2205;32,6737;0,0693;1,7639;1024,7751;1,43;16,1502
8;30.10.2014;13:52;50.52.219;001.22.281;8,1;7,25;12,2202;32,6778;0,0715;1,6972;1024,7773;1,72;16,3045
8;30.10.2014;13:52;50.52.219;001.22.281;8,1;7;12,22;32,6745;0,0677;1,626;1024,7736;2,12;16,4768
9;30.10.2014;14:16;50.52.218;001.22.282;7,6;0,25;12,2962;31,1081;0,0683;0,9009;1023,5145;1226,9;19,3108
9;30.10.2014;14:16;50.52.218;001.22.282;7,6;0,5;12,3253;31,1055;0,0674;1,7328;1023,5083;596,6;16,4889
9;30.10.2014;14:16;50.52.218;001.22.282;7,6;0,75;12,3345;31,0768;0,0678;1,9886;1023,4854;362,96;15,6705
9;30.10.2014;14:16;50.52.218;001.22.282;7,6;1;12,3329;31,1126;0,0683;1,968;1023,5145;324,88;15,7125
9;30.10.2014;14:16;50.52.218;001.22.282;7,6;1,25;12,3309;31,115;0,0674;1,967;1023,5179;277,97;15,7146
9;30.10.2014;14:16;50.52.218;001.22.282;7,6;1,5;12,3257;31,1482;0,067;1,9642;1023,5457;214,28;15,7203
9;30.10.2014;14:16;50.52.218;001.22.282;7,6;1,75;12,319;31,1773;0,0674;1,967;1023,5707;175,12;15,7148
9;30.10.2014;14:16;50.52.218;001.22.282;7,6;2;12,3112;31,2187;0,0679;1,9658;1023,6053;147,15;15,7171
9;30.10.2014;14:16;50.52.218;001.22.282;7,6;2,25;12,2976;31,3058;0,069;1,9488;1023,6766;119,22;15,7518
9;30.10.2014;14:16;50.52.218;001.22.282;7,6;2,5;12,2644;31,4551;0,0686;1,9173;1023,7996;100,72;15,8171
9;30.10.2014;14:16;50.52.218;001.22.282;7,6;2,75;12,244;31,5248;0,0699;1,8891;1023,8585;81,47;15,8763
9;30.10.2014;14:16;50.52.218;001.22.282;7,6;3;12,236;31,5446;0,0682;1,9062;1023,8766;67,43;15,8402
9;30.10.2014;14:16;50.52.218;001.22.282;7,6;3,25;12,2285;31,6678;0,067;1,9643;1023,9745;53,09;15,7204
9;30.10.2014;14:16;50.52.218;001.22.282;7,6;3,5;12,2126;31,8812;0,0661;2,0228;1024,1441;43,78;15,6028
9;30.10.2014;14:16;50.52.218;001.22.282;7,6;3,75;12,1964;32,076;0,0662;2,0497;1024,2994;36,86;15,5499
9;30.10.2014;14:16;50.52.218;001.22.282;7,6;4;12,2011;32,3923;0,0658;2,0507;1024,5447;32,09;15,5479
9;30.10.2014;14:16;50.52.218;001.22.282;7,6;4,25;12,2112;32,4181;0,0659;1,997;1024,564;25,73;15,6545
9;30.10.2014;14:16;50.52.218;001.22.282;7,6;4,5;12,208;32,4437;0,0647;1,9384;1024,5857;20,77;15,7737
9;30.10.2014;14:16;50.52.218;001.22.282;7,6;4,75;12,2053;32,457;0,0648;1,8851;1024,5975;17,02;15,8848
9;30.10.2014;14:16;50.52.218;001.22.282;7,6;5;12,2051;32,4616;0,064;1,8568;1024,6024;14,67;15,9452
9;30.10.2014;14:16;50.52.218;001.22.282;7,6;5,25;12,2054;32,4684;0,0636;1,8356;1024,6086;11,93;15,9912
9;30.10.2014;14:16;50.52.218;001.22.282;7,6;5,5;12,2062;32,4956;0,0638;1,8102;1024,6307;9,67;16,0469
9;30.10.2014;14:16;50.52.218;001.22.282;7,6;5,75;12,2092;32,5767;0,0637;1,7938;1024,6942;7,91;16,0832
9;30.10.2014;14:16;50.52.218;001.22.282;7,6;6;12,2156;32,6166;0,0637;1,774;1024,725;6,59;16,1278
9;30.10.2014;14:16;50.52.218;001.22.282;7,6;6,25;12,227;32,6388;0,0639;1,769;1024,7413;5,32;16,1392
9;30.10.2014;14:16;50.52.218;001.22.282;7,6;6,5;12,2275;32,6525;0,0647;1,7549;1024,7529;4,26;16,1711
9;30.10.2014;14:16;50.52.218;001.22.282;7,6;6,75;12,2259;32,6574;0,0651;1,7317;1024,7581;3,5;16,2241
9;30.10.2014;14:16;50.52.218;001.22.282;7,6;7;12,2221;32,6631;0,0645;1,6948;1024,7644;2,89;16,3106
9;30.10.2014;14:16;50.52.218;001.22.282;7,6;7,25;12,2158;32,672;0,0661;1,699;1024,7735;1,96;16,3007
10;30.10.2014;14:47;50.52.214;001.22.284;7,2;0,25;12,3894;30,9001;0,0631;1,8672;1023,3361;953,22;15,919
10;30.10.2014;14:47;50.52.214;001.22.284;7,2;0,5;12,394;31,0081;0,0654;2,075;1023,4199;361,29;15,5015
10;30.10.2014;14:47;50.52.214;001.22.284;7,2;0,75;12,3881;31,107;0,0664;2,0178;1023,4989;273,76;15,6124
10;30.10.2014;14:47;50.52.214;001.22.284;7,2;1;12,3933;31,0868;0,0655;2,0366;1023,4832;240,68;15,5756
10;30.10.2014;14:47;50.52.214;001.22.284;7,2;1,25;12,3613;31,2951;0,0656;2,0464;1023,6518;206,12;15,5562
10;30.10.2014;14:47;50.52.214;001.22.284;7,2;1,5;12,3436;31,3255;0,0666;2,0122;1023,6798;172,59;15,6237
10;30.10.2014;14:47;50.52.214;001.22.284;7,2;1,75;12,3226;31,4394;0,0663;2,0033;1023,7732;141,24;15,6414
10;30.10.2014;14:47;50.52.214;001.22.284;7,2;2;12,3008;31,5525;0,0663;2,0095;1023,866;118,93;15,6292
10;30.10.2014;14:47;50.52.214;001.22.284;7,2;2,25;12,2848;31,6699;0,0667;2,0162;1023,961;101,66;15,6157
10;30.10.2014;14:47;50.52.214;001.22.284;7,2;2,5;12,272;31,7281;0,0657;2,0071;1024,0098;81,27;15,6338
10;30.10.2014;14:47;50.52.214;001.22.284;7,2;2,75;12,2573;31,7948;0,0657;1,9816;1024,0653;65,31;15,685
10;30.10.2014;14:47;50.52.214;001.22.284;7,2;3;12,2566;31,8452;0,0657;1,9655;1024,1058;56,19;15,7176
10;30.10.2014;14:47;50.52.214;001.22.284;7,2;3,25;12,2576;31,8926;0,066;1,9328;1024,1433;47,42;15,7849
10;30.10.2014;14:47;50.52.214;001.22.284;7,2;3,5;12,2558;31,9442;0,0663;1,8825;1024,1847;38,42;15,8902
10;30.10.2014;14:47;50.52.214;001.22.284;7,2;3,75;12,2447;32,0002;0,0669;1,8635;1024,2314;31,87;15,9309
10;30.10.2014;14:47;50.52.214;001.22.284;7,2;4;12,2252;32,0305;0,0681;1,9141;1024,2598;26,38;15,8243
10;30.10.2014;14:47;50.52.214;001.22.284;7,2;4,25;12,2103;32,0697;0,0674;1,9805;1024,294;21,76;15,687
10;30.10.2014;14:47;50.52.214;001.22.284;7,2;4,5;12,2087;32,0884;0,0669;1,9763;1024,31;18,55;15,6958
10;30.10.2014;14:47;50.52.214;001.22.284;7,2;4,75;12,2077;32,1061;0,0673;1,957;1024,325;15,23;15,7351
10;30.10.2014;14:47;50.52.214;001.22.284;7,2;5;12,209;32,1835;0,0683;1,9399;1024,3859;12,47;15,7701
10;30.10.2014;14:47;50.52.214;001.22.284;7,2;5,25;12,2147;32,3821;0,0695;1,8975;1024,5399;10,49;15,8584
10;30.10.2014;14:47;50.52.214;001.22.284;7,2;5,5;12,2218;32,5068;0,0682;1,8161;1024,6364;8,94;16,0338
10;30.10.2014;14:47;50.52.214;001.22.284;7,2;5,75;12,224;32,5333;0,0691;1,7608;1024,6578;7,34;16,1581
10;30.10.2014;14:47;50.52.214;001.22.284;7,2;6;12,2251;32,5515;0,0682;1,6822;1024,6728;5,89;16,341
10;30.10.2014;14:47;50.52.214;001.22.284;7,2;6,25;12,2262;32,5835;0,067;1,5746;1024,6985;4,75;16,605
10;30.10.2014;14:47;50.52.214;001.22.284;7,2;6,5;12,2279;32,6126;0,068;1,3944;1024,7219;3,68;17,1003
10;30.10.2014;14:47;50.52.214;001.22.284;7,2;6,75;12,2287;32,6091;0,0718;1,1237;1024,7201;2,57;17,9723